Original Name,Short ID
Entry_922,C0
Entry_1448,C1
Entry_1410,C2
Entry_61,C3
Entry_1844,C4
Entry_2358,C5
Entry_1,C6
Entry_444,C7
Entry_606,C8
Entry_1362,C9
Entry_1821,C10
Entry_2040,C11
Entry_2073,C12
Entry_787,C13
Entry_2128,C14
Entry_23,C15
Entry_1856,C16
Entry_141,C17
Entry_1584,C18
Entry_851,C19
Entry_22,C20
Entry_1807,C21
Entry_722,C22
Entry_797,C23
Entry_2265,C24
Entry_1003,C25
Entry_1440,C26
Entry_2385,C27
Entry_429,C28
Entry_870,C29
Entry_16,C30
Entry_629,C31
Entry_1628,C32
Entry_28,C33
Entry_707,C34
Entry_222,C35
Entry_2202,C36
Entry_2413,C37
Entry_2442,C38
Entry_236,C39
Entry_1090,C40
Entry_2418,C41
Entry_927,C42
Entry_839,C43
Entry_1319,C44
Entry_1266,C45
Entry_1153,C46
Entry_90,C47
Entry_1519,C48
Entry_41,C49
Entry_804,C50
Entry_1347,C51
Entry_6,C52
Entry_456,C53
Entry_945,C54
Entry_1134,C55
Entry_438,C56
Entry_18,C57
Entry_2033,C58
Entry_2275,C59
Entry_91,C60
Entry_495,C61
Entry_1254,C62
Entry_970,C63
Entry_1293,C64
Entry_375,C65
Entry_1201,C66
Entry_1189,C67
Entry_27,C68
Entry_557,C69
Entry_580,C70
Entry_84,C71
Entry_167,C72
Entry_625,C73
Entry_1028,C74
Entry_900,C75
Entry_2019,C76
Entry_602,C77
Entry_45,C78
Entry_2241,C79
Entry_74,C80
Entry_35,C81
Entry_3,C82
Entry_66,C83
Entry_319,C84
Entry_63,C85
Entry_68,C86
Entry_59,C87
Entry_747,C88
Entry_71,C89
Entry_256,C90
Entry_1212,C91
Entry_2304,C92
Entry_1745,C93
Entry_878,C94
Entry_1372,C95
Entry_19,C96
Entry_26,C97
Entry_597,C98
Entry_771,C99
Entry_417,C100
Entry_33,C101
Entry_567,C102
Entry_1195,C103
Entry_1384,C104
Entry_302,C105
Entry_64,C106
Entry_8,C107
Entry_48,C108
Entry_1228,C109
Entry_1381,C110
Entry_641,C111
Entry_79,C112
Entry_1358,C113
Entry_325,C114
Entry_1652,C115
Entry_70,C116
Entry_24,C117
Entry_544,C118
Entry_1279,C119
Entry_1555,C120
Entry_1659,C121
Entry_686,C122
Entry_684,C123
Entry_1871,C124
Entry_215,C125
Entry_276,C126
Entry_360,C127
Entry_340,C128
Entry_540,C129
Entry_1946,C130
Entry_753,C131
Entry_859,C132
Entry_1770,C133
Entry_2090,C134
Entry_1418,C135
Entry_1054,C136
Entry_2144,C137
Entry_122,C138
Entry_2370,C139
Entry_203,C140
Entry_261,C141
Entry_153,C142
Entry_1206,C143
Entry_1483,C144
Entry_2321,C145
Entry_809,C146
Entry_52,C147
Entry_1239,C148
Entry_331,C149
Entry_58,C150
Entry_389,C151
Entry_161,C152
Entry_553,C153
Entry_2118,C154
Entry_2172,C155
Entry_406,C156
Entry_366,C157
Entry_424,C158
Entry_2067,C159
Entry_2281,C160
Entry_2300,C161
Entry_735,C162
Entry_88,C163
Entry_1461,C164
Entry_1605,C165
Entry_531,C166
Entry_2151,C167
Entry_280,C168
Entry_1390,C169
Entry_44,C170
Entry_1574,C171
Entry_11,C172
Entry_62,C173
Entry_762,C174
Entry_1532,C175
Entry_1488,C176
Entry_1862,C177
Entry_1991,C178
Entry_2108,C179
Entry_2480,C180
Entry_2453,C181
Entry_96,C182
Entry_1056,C183
Entry_2050,C184
Entry_855,C185
Entry_2079,C186
Entry_1922,C187
Entry_335,C188
Entry_34,C189
Entry_1269,C190
Entry_295,C191
Entry_2397,C192
Entry_46,C193
Entry_47,C194
Entry_1125,C195
Entry_892,C196
Entry_1376,C197
Entry_13,C198
Entry_4,C199
Entry_310,C200
Entry_14,C201
Entry_460,C202
Entry_575,C203
Entry_7,C204
Entry_491,C205
Entry_57,C206
Entry_401,C207
Entry_782,C208
Entry_36,C209
Entry_884,C210
Entry_1074,C211
Entry_433,C212
Entry_1185,C213
Entry_845,C214
Entry_1559,C215
Entry_12,C216
Entry_1686,C217
Entry_32,C218
Entry_1740,C219
Entry_1791,C220
Entry_77,C221
Entry_65,C222
Entry_1129,C223
Entry_1454,C224
Entry_883,C225
Entry_524,C226
Entry_694,C227
Entry_73,C228
Entry_874,C229
Entry_395,C230
Entry_1046,C231
Entry_1353,C232
Entry_1826,C233
Entry_387,C234
Entry_1162,C235
Entry_792,C236
Entry_288,C237
Entry_916,C238
Entry_1014,C239
Entry_1025,C240
Entry_509,C241
Entry_1433,C242
Entry_315,C243
Entry_1639,C244
Entry_465,C245
Entry_1513,C246
Entry_75,C247
Entry_1018,C248
Entry_1710,C249
Entry_1779,C250
Entry_1832,C251
Entry_653,C252
Entry_1876,C253
Entry_1931,C254
Entry_994,C255
Entry_20,C256
Entry_821,C257
Entry_55,C258
Entry_907,C259
Entry_1480,C260
Entry_1906,C261
Entry_470,C262
Entry_1941,C263
Entry_2009,C264
Entry_2056,C265
Entry_343,C266
Entry_1193,C267
Entry_1467,C268
Entry_2062,C269
Entry_2159,C270
Entry_485,C271
Entry_2310,C272
Entry_634,C273
Entry_712,C274
Entry_2333,C275
Entry_2393,C276
Entry_131,C277
Entry_29,C278
Entry_815,C279
Entry_1035,C280
Entry_1179,C281
Entry_411,C282
Entry_30,C283
Entry_266,C284
Entry_619,C285
Entry_1470,C286
Entry_665,C287
Entry_1537,C288
Entry_1009,C289
Entry_193,C290
Entry_931,C291
Entry_1646,C292
Entry_2100,C293
Entry_226,C294
Entry_197,C295
Entry_1225,C296
Entry_2022,C297
Entry_1423,C298
Entry_1765,C299
Entry_2,C300
Entry_50,C301
Entry_1914,C302
Entry_2183,C303
Entry_2122,C304
Entry_2223,C305
Entry_17,C306
Entry_82,C307
Entry_100,C308
Entry_110,C309
Entry_501,C310
Entry_1402,C311
Entry_2433,C312
Entry_67,C313
Entry_981,C314
Entry_156,C315
Entry_612,C316
Entry_1245,C317
Entry_2249,C318
Entry_2342,C319
Entry_2466,C320
Entry_272,C321
Entry_2288,C322
Entry_49,C323
Entry_1858,C324
Entry_974,C325
Entry_977,C326
Entry_1280,C327
Entry_1838,C328
Entry_252,C329
Entry_1607,C330
Entry_2234,C331
Entry_827,C332
Entry_1429,C333
Entry_103,C334
Entry_1893,C335
Entry_1297,C336
Entry_80,C337
Entry_1782,C338
Entry_1967,C339
Entry_2262,C340
Entry_69,C341
Entry_961,C342
Entry_658,C343
Entry_1887,C344
Entry_676,C345
Entry_78,C346
Entry_136,C347
Entry_1168,C348
Entry_15,C349
Entry_1304,C350
Entry_2463,C351
Entry_2487,C352
Entry_648,C353
Entry_1060,C354
Entry_42,C355
Entry_702,C356
Entry_1596,C357
Entry_246,C358
Entry_1234,C359
Entry_25,C360
Entry_562,C361
Entry_53,C362
Entry_925,C363
Entry_1761,C364
Entry_231,C365
Entry_56,C366
Entry_698,C367
Entry_1810,C368
Entry_105,C369
Entry_54,C370
Entry_10,C371
Entry_1122,C372
Entry_1508,C373
Entry_1030,C374
Entry_1865,C375
Entry_1935,C376
Entry_43,C377
Entry_1150,C378
Entry_1969,C379
Entry_2110,C380
Entry_119,C381
Entry_241,C382
Entry_1958,C383
Entry_957,C384
Entry_1079,C385
Entry_1109,C386
Entry_1158,C387
Entry_2031,C388
Entry_1896,C389
Entry_352,C390
Entry_9,C391
Entry_124,C392
Entry_109,C393
Entry_833,C394
Entry_1177,C395
Entry_72,C396
Entry_5,C397
Entry_717,C398
Entry_937,C399
Entry_534,C400
Entry_777,C401
Entry_178,C402
Entry_478,C403
Entry_615,C404
Entry_371,C405
Entry_31,C406
Entry_60,C407
Entry_518,C408
Entry_1248,C409
Entry_1546,C410
Entry_1524,C411
Entry_1632,C412
Entry_37,C413
Entry_76,C414
Entry_21,C415
Entry_38,C416
Entry_1051,C417
Entry_2206,C418
Entry_999,C419
Entry_51,C420
Entry_2340,C421
Entry_1562,C422
Entry_210,C423
Entry_40,C424
Entry_1119,C425
Entry_740,C426
Entry_39,C427
Entry_1599,C428
Entry_1569,C429
Entry_1699,C430
Entry_284,C431
Entry_590,C432
Entry_2001,C433
Entry_2046,C434
Entry_2363,C435
Entry_305,C436
Entry_2166,C437
Entry_2330,C438
Entry_1668,C439
Entry_347,C440
Entry_2437,C441
Entry_2388,C442
Entry_1900,C443
Entry_1929,C444
Entry_1069,C445
Entry_2819,C446
Entry_3188,C447
Entry_2736,C448
Entry_2714,C449
Entry_3011,C450
Entry_4021,C451
Entry_3151,C452
Entry_3362,C453
Entry_2715,C454
Entry_4437,C455
Entry_3319,C456
Entry_2500,C457
Entry_3793,C458
Entry_2430,C459
Entry_3607,C460
Entry_3771,C461
Entry_4625,C462
Entry_3041,C463
Entry_4790,C464
Entry_3077,C465
Entry_2531,C466
Entry_3386,C467
Entry_3247,C468
Entry_3204,C469
Entry_4193,C470
Entry_4418,C471
Entry_4720,C472
Entry_3020,C473
Entry_4683,C474
Entry_2755,C475
Entry_2752,C476
Entry_3571,C477
Entry_4521,C478
Entry_3925,C479
Entry_3577,C480
Entry_4690,C481
Entry_129,C482
Entry_3531,C483
Entry_2844,C484
Entry_4352,C485
Entry_3968,C486
Entry_3349,C487
Entry_3133,C488
Entry_3012,C489
Entry_3834,C490
Entry_2706,C491
Entry_3963,C492
Entry_3590,C493
Entry_4081,C494
Entry_3066,C495
Entry_4684,C496
Entry_3805,C497
Entry_4805,C498
Entry_4505,C499
Entry_4288,C500
Entry_4738,C501
Entry_3095,C502
Entry_3262,C503
Entry_4762,C504
Entry_2962,C505
Entry_3446,C506
Entry_3650,C507
Entry_3192,C508
Entry_2610,C509
Entry_3229,C510
Entry_4341,C511
Entry_4645,C512
Entry_4620,C513
Entry_2812,C514
Entry_4752,C515
Entry_3627,C516
Entry_2672,C517
Entry_4398,C518
Entry_4584,C519
Entry_3921,C520
Entry_2589,C521
Entry_3557,C522
Entry_4490,C523
Entry_4323,C524
Entry_3145,C525
Entry_4157,C526
Entry_3480,C527
Entry_2790,C528
Entry_3710,C529
Entry_3744,C530
Entry_3048,C531
Entry_3455,C532
Entry_4293,C533
Entry_3679,C534
Entry_4905,C535
Entry_4594,C536
Entry_2298,C537
Entry_4820,C538
Entry_2947,C539
Entry_4457,C540
Entry_3871,C541
Entry_3752,C542
Entry_2544,C543
Entry_2697,C544
Entry_4870,C545
Entry_3183,C546
Entry_3226,C547
Entry_4057,C548
Entry_4716,C549
Entry_3157,C550
Entry_4414,C551
Entry_2942,C552
Entry_3894,C553
Entry_4727,C554
Entry_4705,C555
Entry_2607,C556
Entry_3730,C557
Entry_2568,C558
Entry_3435,C559
Entry_4038,C560
Entry_3842,C561
Entry_3529,C562
Entry_3345,C563
Entry_3106,C564
Entry_4137,C565
Entry_3649,C566
Entry_4571,C567
Entry_4781,C568
Entry_2929,C569
Entry_4484,C570
Entry_2884,C571
Entry_4465,C572
Entry_4558,C573
Entry_3675,C574
Entry_4641,C575
Entry_2826,C576
Entry_3161,C577
Entry_3778,C578
Entry_3391,C579
Entry_4724,C580
Entry_2427,C581
Entry_3539,C582
Entry_3417,C583
Entry_3687,C584
Entry_3255,C585
Entry_4410,C586
Entry_2507,C587
Entry_4232,C588
Entry_3901,C589
Entry_3989,C590
Entry_3887,C591
Entry_2536,C592
Entry_3617,C593
Entry_3714,C594
Entry_4648,C595
Entry_2807,C596
Entry_3123,C597
Entry_4035,C598
Entry_4492,C599
Entry_4776,C600
Entry_2953,C601
Entry_3070,C602
Entry_2853,C603
Entry_3552,C604
Entry_3543,C605
Entry_4327,C606
Entry_4835,C607
Entry_4102,C608
Entry_2902,C609
Entry_2731,C610
Entry_2423,C611
Entry_4477,C612
Entry_3819,C613
Entry_2622,C614
Entry_3611,C615
Entry_3596,C616
Entry_3222,C617
Entry_3554,C618
Entry_3566,C619
Entry_3861,C620
Entry_3193,C621
Entry_3231,C622
Entry_3582,C623
Entry_4874,C624
Entry_4428,C625
Entry_2642,C626
Entry_3750,C627
Entry_2627,C628
Entry_3111,C629
Entry_4567,C630
Entry_3668,C631
Entry_4811,C632
Entry_2980,C633
Entry_2780,C634
Entry_2868,C635
Entry_4258,C636
Entry_4251,C637
Entry_3671,C638
Entry_3959,C639
Entry_2721,C640
Entry_3397,C641
Entry_3167,C642
Entry_4075,C643
Entry_2740,C644
Entry_4072,C645
Entry_4406,C646
Entry_4797,C647
Entry_3084,C648
Entry_2519,C649
Entry_4090,C650
Entry_4729,C651
Entry_3025,C652
Entry_4044,C653
Entry_3847,C654
Entry_3198,C655
Entry_2599,C656
Entry_3331,C657
Entry_3489,C658
Entry_3797,C659
Entry_2493,C660
Entry_2504,C661
Entry_3854,C662
Entry_3492,C663
Entry_2524,C664
Entry_3292,C665
Entry_2647,C666
Entry_4628,C667
Entry_4482,C668
Entry_126,C669
Entry_3601,C670
Entry_4227,C671
Entry_4087,C672
Entry_4462,C673
Entry_2593,C674
Entry_4004,C675
Entry_4901,C676
Entry_4651,C677
Entry_4117,C678
Entry_2688,C679
Entry_3548,C680
Entry_2764,C681
Entry_2989,C682
Entry_3001,C683
Entry_3338,C684
Entry_3370,C685
Entry_4210,C686
Entry_3430,C687
Entry_2919,C688
Entry_2873,C689
Entry_3277,C690
Entry_4525,C691
Entry_4125,C692
Entry_2579,C693
Entry_2785,C694
Entry_2662,C695
Entry_3522,C696
Entry_3640,C697
Entry_3839,C698
Entry_4450,C699
Entry_4634,C700
Entry_4663,C701
Entry_3568,C702
Entry_7063,C703
Entry_5791,C704
Entry_6485,C705
Entry_6567,C706
Entry_5313,C707
Entry_7049,C708
Entry_6053,C709
Entry_5743,C710
Entry_6848,C711
Entry_7159,C712
Entry_5788,C713
Entry_6697,C714
Entry_7168,C715
Entry_6156,C716
Entry_6805,C717
Entry_6506,C718
Entry_6355,C719
Entry_4979,C720
Entry_6236,C721
Entry_6345,C722
Entry_4983,C723
Entry_5535,C724
Entry_5973,C725
Entry_6111,C726
Entry_6549,C727
Entry_5071,C728
Entry_5731,C729
Entry_5480,C730
Entry_5577,C731
Entry_5168,C732
Entry_5447,C733
Entry_5295,C734
Entry_3940,C735
Entry_6130,C736
Entry_5697,C737
Entry_5690,C738
Entry_6493,C739
Entry_5417,C740
Entry_5329,C741
Entry_6826,C742
Entry_7185,C743
Entry_7123,C744
Entry_5878,C745
Entry_6468,C746
Entry_5905,C747
Entry_6979,C748
Entry_7271,C749
Entry_6035,C750
Entry_7226,C751
Entry_5309,C752
Entry_7077,C753
Entry_6168,C754
Entry_6253,C755
Entry_5685,C756
Entry_6326,C757
Entry_5015,C758
Entry_5854,C759
Entry_7002,C760
Entry_5434,C761
Entry_5240,C762
Entry_7237,C763
Entry_6879,C764
Entry_7129,C765
Entry_5411,C766
Entry_4943,C767
Entry_6863,C768
Entry_6874,C769
Entry_5202,C770
Entry_7309,C771
Entry_6226,C772
Entry_5233,C773
Entry_6073,C774
Entry_5514,C775
Entry_5991,C776
Entry_6213,C777
Entry_6281,C778
Entry_5364,C779
Entry_6364,C780
Entry_5174,C781
Entry_6242,C782
Entry_6680,C783
Entry_5006,C784
Entry_6079,C785
Entry_5244,C786
Entry_5524,C787
Entry_6546,C788
Entry_5267,C789
Entry_7098,C790
Entry_5626,C791
Entry_6718,C792
Entry_4966,C793
Entry_5520,C794
Entry_7072,C795
Entry_5930,C796
Entry_6509,C797
Entry_5319,C798
Entry_6621,C799
Entry_5258,C800
Entry_5380,C801
Entry_4950,C802
Entry_6328,C803
Entry_4995,C804
Entry_5763,C805
Entry_6535,C806
Entry_6660,C807
Entry_6814,C808
Entry_6970,C809
Entry_5156,C810
Entry_5619,C811
Entry_6392,C812
Entry_6287,C813
Entry_5183,C814
Entry_5010,C815
Entry_5719,C816
Entry_5828,C817
Entry_6231,C818
Entry_5228,C819
Entry_6204,C820
Entry_6713,C821
Entry_5874,C822
Entry_6453,C823
Entry_5984,C824
Entry_6635,C825
Entry_6693,C826
Entry_5489,C827
Entry_6276,C828
Entry_5825,C829
Entry_4967,C830
Entry_6380,C831
Entry_5568,C832
Entry_5901,C833
Entry_5341,C834
Entry_5197,C835
Entry_5544,C836
Entry_6247,C837
Entry_5487,C838
Entry_5162,C839
Entry_5702,C840
Entry_5813,C841
Entry_6414,C842
Entry_5915,C843
Entry_7213,C844
Entry_5439,C845
Entry_7250,C846
Entry_5847,C847
Entry_6385,C848
Entry_7096,C849
Entry_5142,C850
Entry_5953,C851
Entry_5572,C852
Entry_6395,C853
Entry_6835,C854
Entry_6018,C855
Entry_6720,C856
Entry_5758,C857
Entry_6006,C858
Entry_5773,C859
Entry_5590,C860
Entry_5460,C861
Entry_5957,C862
Entry_5145,C863
Entry_5585,C864
Entry_5426,C865
Entry_5795,C866
Entry_6401,C867
Entry_5374,C868
Entry_5739,C869
Entry_5393,C870
Entry_6190,C871
Entry_7246,C872
Entry_5527,C873
Entry_4964,C874
Entry_4939,C875
Entry_5058,C876
Entry_7200,C877
Entry_5089,C878
Entry_7267,C879
Entry_6581,C880
Entry_4933,C881
Entry_6031,C882
Entry_6561,C883
Entry_6196,C884
Entry_6215,C885
Entry_6954,C886
Entry_6930,C887
Entry_7086,C888
Entry_5351,C889
Entry_5677,C890
Entry_4282,C891
Entry_6002,C892
Entry_6153,C893
Entry_5943,C894
Entry_6500,C895
Entry_5307,C896
Entry_6626,C897
Entry_5883,C898
Entry_5187,C899
Entry_6184,C900
Entry_6517,C901
Entry_6222,C902
Entry_5711,C903
Entry_5968,C904
Entry_6528,C905
Entry_6574,C906
Entry_5336,C907
Entry_7133,C908
Entry_5706,C909
Entry_6302,C910
Entry_5750,C911
Entry_6477,C912
Entry_7034,C913
Entry_6708,C914
Entry_6102,C915
Entry_5191,C916
Entry_7016,C917
Entry_5003,C918
Entry_6936,C919
Entry_4888,C920
Entry_6308,C921
Entry_6949,C922
Entry_5235,C923
Entry_5451,C924
Entry_6674,C925
Entry_6891,C926
Entry_5356,C927
Entry_5429,C928
Entry_5066,C929
Entry_6732,C930
Entry_6553,C931
Entry_6146,C932
Entry_6997,C933
Entry_6913,C934
Entry_6557,C935
